Moschus_berezovskii_FMD	Outgroup
Moschus_berezovskii_NPU_MBRE_10	Outgroup
Odocoileus_virginianus_OVIR	O_virginianus
Rangifer_tarandus_granti_KJH003	R_tarandus_granti
Hydropotes_inermis_NWPU	H_inermis
Alces_alces_MIG12	A_alces
Cervus_elaphus_RED	C_elaphus
Cervus_elaphus_hippelaphus_CERELA1	C_elaphus_hippelaphus
Cervus_canadensis_ASM1932006v1	C_canadensis
Muntiacus_reevesi_NWPU	M_reevesi
Muntiacus_gongshanensis_ASM2022602v1	M_gongshanensis
Muntiacus_muntjak_UCB_Mmun	M_muntjak