Panthera_leo_Ple1	Outgroup
Equus_asinus_ASM1607732v2	Outgroup
Ceratotherium_simum_simum_ASM2365373v1	Outgroup
Tursiops_truncatus_mTurTru1	Outgroup
Tursiops_aduncus_CRI000098	Outgroup
Sousa_chinensis_SCSF	Outgroup
Grampus_griseus_S2556	Outgroup
Monodon_monoceros_NGI_2	Outgroup
Phocoena_phocoena_BS71	Outgroup
Lipotes_vexillifer_NC007629	Outgroup
Kogia_breviceps_mKogBre1	Outgroup
Physeter_macrocephalus_NC002503	Outgroup
Eubalaena_japonica_EubJap	Outgroup
Caperea_marginata_Cmar_C18	Outgroup
Balaenoptera_acutorostrata_NC005271	Outgroup
Balaenoptera_musculus_NC001601	Outgroup
Eschrichtius_robustus_mEscRob2	Outgroup
Hippopotamus_amphibius_ASM2306583v1	Outgroup
Hexaprotodon_liberiensis_NC_020697	Outgroup
Sus_scrofa_Sscrofa11	Outgroup
Phacochoerus_africanus_W100	Outgroup
Phacochoerus_africanus_WHEZ1	Outgroup
Vicugna_pacos_VicPac3	Outgroup
Camelus_dromedarius_CamDro3	Outgroup
Tragulus_kanchii_ASM2237692v1	Outgroup
Tragulus_javanicus_US108	Outgroup
Antilocapra_americana_GSC_phorn_10	Outgroup
Antilocapra_americana_PH2016	Outgroup
Okapia_johnstoni_TBG	Outgroup
Giraffa_camelopardalis_GFE	Outgroup
Giraffa_camelopardalis_antiquorum_PLA01	Outgroup
Giraffa_camelopardalis_rothschildi_ASM1759144v1	Outgroup
Giraffa_tippelskirchi_OR1865	Outgroup
Odocoileus_virginianus_OVIR	Outgroup
Rangifer_tarandus_granti_KJH003	Outgroup
Hydropotes_inermis_NWPU	Outgroup
Alces_alces_MIG12	Outgroup
Cervus_elaphus_RED	Outgroup
Cervus_elaphus_hippelaphus_CERELA1	Outgroup
Cervus_canadensis_ASM1932006v1	Outgroup
Muntiacus_reevesi_NWPU	Outgroup
Muntiacus_gongshanensis_ASM2022602v1	Outgroup
Muntiacus_muntjak_UCB_Mmun	Outgroup
Moschus_berezovskii_FMD	Outgroup
Moschus_berezovskii_NPU_MBRE_10	Outgroup
Tetracerus_quadricornis_AHTET7226	Outgroup
Boselaphus_tragocamelus_NIGLAU	Outgroup
Tragelaphus_imberbis_LEK543	Outgroup
Tragelaphus_scriptus_BUB555	Outgroup
Tragelaphus_scriptus_C7AR31	Outgroup
Tragelaphus_scriptus_sylvaticus_MBP2	Outgroup
Tragelaphus_angasii_MBP15	Outgroup
Tragelaphus_strepsiceors_GTK544	Outgroup
Tragelaphus_oryx_CME1477	Outgroup
Tragelaphus_spekii_STG9200	Outgroup
Tragelaphus_eurycerus_BNG9162	Outgroup
Tragelaphus_eurycerus_T51	Outgroup
Tragelaphus_eurycerus_MTraEu	Outgroup
Tragelaphus_buxtoni_MNT9119	Outgroup
Syncerus_caffer_ABF221	S_caffer
Syncerus_caffer_AHSCZAK	S_caffer
Syncerus_caffer_CAB	S_caffer
Bubalus_kerabau_CUSA_SWP	B_kerabau
Bubalus_bubalis_AAUIN	B_bubalis_AAUIN
Bubalus_bubalis_BGI	B_bubalis_BGI
Bubalus_bubalis_CKM7	B_bubalis_CKM7
Bubalus_bubalis_NDDB_SH_1	B_bubalis_NDDB_SH_1
Bubalus_bubalis_UMD_CASPUR_WB_20	B_bubalis_UMD_CASPUR_WB_20
Bubalus_bubalis_UOAWB	B_bubalis_UOAWB
Bubalus_bubalis_V0754	B_bubalis_V0754
Bubalus_depressicornis_ANT3	B_depressicornis
Pseudoryx_nghetinhensis_AHPNTTN	Outgroup
Pseudoryx_nghetinhensis_SAO1	Outgroup
Bison_bison_bison_UMD10	Outgroup
Bison_bonasus_BBO_3569	Outgroup
Bison_bonasus_BBO_3574	Outgroup
Bos_taurus_HF_90	Outgroup
Bos_indicus_GIR	Outgroup
Bos_taurus_ARSUCD12	Outgroup
Bos_indicus_HARINDF	Outgroup
Bos_mutus_WY2019	Outgroup
Bos_mutus_YAKQH1	Outgroup
Bos_grunniens_YAKHY00	Outgroup
Bos_sauveli_KOU	Outgroup
Bos_javanicus_AHT2182	Outgroup
Bos_javanicus_birmanicus_AHT2146	Outgroup
Bos_frontalis_NRC_MITH	Outgroup
Bos_frontalis_Drung1	Outgroup
Bos_gaurus_AHGS3586	Outgroup
Bos_gaurus_ARS_UOA	Outgroup
Aepyceros_melampus_IMP	Outgroup
Neotragus_moschatus_SUN	Outgroup
Neotragus_pygmaeus_RAL	Outgroup
Procapra_przewalskii_PLG	Outgroup
Raphicerus_campestris_SNB	Outgroup
Madoqua_kirkii_KDD	Outgroup
Ourebia_ourebi_ORB4223	Outgroup
Saiga_tatarica_BIUU	Outgroup
Litocranius_walleri_GRK	Outgroup
Antidorcas_marsupialis_SGB	Outgroup
Eudorcas_thomsonii_TMG	Outgroup
Nanger_granti_GTG	Outgroup
Nanger_dama_ORGONE_02	Outgroup
Nanger_dama_ruficollis_SCBI_Ndam_10	Outgroup
Gazella_cuvieri_G13	Outgroup
Gazella_cuvieri_G29	Outgroup
Redunca_redunca_BHR	Outgroup
Kobus_ellipsiprymnus_DFW	Outgroup
Kobus_leche_leche_Klec_v10	Outgroup
Oreotragus_oreotragus_KSP	Outgroup
Cephalophus_harveyi_HVD	Outgroup
Sylvicapra_grimmia_CMD5126	Outgroup
Philantomba_maxwellii_MXD	Outgroup
Damaliscus_lunatus_CTB	Outgroup
Alcelaphus_buselaphus_HBT	Outgroup
Connochaetes_taurinus_BWD	Outgroup
Beatragus_hunteri_BeaHun_v1_BIUU	Outgroup
Hippotragus_equinus_ASM1643309v1	Outgroup
Hippotragus_niger_niger_SCBI_HNig_10q	Outgroup
Addax_nasomaculatus_ASM1959352v1	Outgroup
Oryx_gazella_OR4864	Outgroup
Oryx_dammah_SCBI_Odam_11	Outgroup
Ovibos_moschatus_ASM2146233v1	Outgroup
Ovibos_moschatus_ASM2253363v2	Outgroup
Ovis_canadensis_canadensis_43U	Outgroup
Ovis_ammon_KGZ	Outgroup
Ovis_ammon_AGL	Outgroup
Ovis_ammon_polii_CAU_MHL	Outgroup
Ovis_aries_HU2020	Outgroup
Ovis_aries_ARS_UI	Outgroup
Ovis_orientalis_AMUF	Outgroup
Ovis_nivicola_lydekkeri_OvNiv10	Outgroup
Ammotragus_lervia_ALER	Outgroup
Budorcas_taxicolor_Takin10	Outgroup
Oreamnos_americanus_ASM975805v1	Outgroup
Pseudois_nayaur_ASM318257v1	Outgroup
Nilgiritragus_hylocrius_BIUU	Outgroup
Hemitragus_jemlahicus_T2177	Outgroup
Capra_sibirica_CNS	Outgroup
Capra_aegagrus_CAPAEG	Outgroup
Capra_falconeri_MB4115	Outgroup
Capra_hircus_ARS1	Outgroup
Capra_hircus_BBG1	Outgroup
Pantholops_hodgsonii_NC007441	Outgroup
