Panthera_leo_Ple1	Outgroup
Equus_asinus_ASM1607732v2	Outgroup
Ceratotherium_simum_simum_ASM2365373v1	Outgroup
Tursiops_truncatus_mTurTru1	Outgroup
Tursiops_aduncus_CRI000098	Outgroup
Sousa_chinensis_SCSF	Outgroup
Grampus_griseus_S2556	Outgroup
Monodon_monoceros_NGI_2	Outgroup
Phocoena_phocoena_BS71	Outgroup
Lipotes_vexillifer_NC007629	Outgroup
Kogia_breviceps_mKogBre1	Outgroup
Physeter_macrocephalus_NC002503	Outgroup
Eubalaena_japonica_EubJap	Outgroup
Caperea_marginata_Cmar_C18	Outgroup
Balaenoptera_acutorostrata_NC005271	Outgroup
Balaenoptera_musculus_NC001601	Outgroup
Eschrichtius_robustus_mEscRob2	Outgroup
Hippopotamus_amphibius_ASM2306583v1	Outgroup
Hexaprotodon_liberiensis_NC_020697	Outgroup
Sus_scrofa_Sscrofa11	Outgroup
Phacochoerus_africanus_W100	Outgroup
Phacochoerus_africanus_WHEZ1	Outgroup
Vicugna_pacos_VicPac3	Outgroup
Camelus_dromedarius_CamDro3	Outgroup
Tragulus_kanchii_ASM2237692v1	Outgroup
Tragulus_javanicus_US108	Outgroup
Antilocapra_americana_GSC_phorn_10	Antilocaprini
Antilocapra_americana_PH2016	Antilocaprini
Okapia_johnstoni_TBG	Okapini
Giraffa_camelopardalis_GFE	Giraffini
Giraffa_camelopardalis_antiquorum_PLA01	Giraffini
Giraffa_camelopardalis_rothschildi_ASM1759144v1	Giraffini
Giraffa_tippelskirchi_OR1865	Giraffini
Odocoileus_virginianus_OVIR	Odocoileini
Rangifer_tarandus_granti_KJH003	Odocoileini
Hydropotes_inermis_NWPU	Capreolini
Alces_alces_MIG12	Alceini
Cervus_elaphus_RED	Cervini
Cervus_elaphus_hippelaphus_CERELA1	Cervini
Cervus_canadensis_ASM1932006v1	Cervini
Muntiacus_reevesi_NWPU	Muntiacini
Muntiacus_gongshanensis_ASM2022602v1	Muntiacini
Muntiacus_muntjak_UCB_Mmun	Muntiacini
Moschus_berezovskii_FMD	Moschidae
Moschus_berezovskii_NPU_MBRE_10	Moschidae
Tetracerus_quadricornis_AHTET7226	Boselaphini
Boselaphus_tragocamelus_NIGLAU	Boselaphini
Tragelaphus_imberbis_LEK543	Tragelaphini
Tragelaphus_scriptus_BUB555	Tragelaphini
Tragelaphus_scriptus_C7AR31	Tragelaphini
Tragelaphus_scriptus_sylvaticus_MBP2	Tragelaphini
Tragelaphus_angasii_MBP15	Tragelaphini
Tragelaphus_strepsiceors_GTK544	Tragelaphini
Tragelaphus_oryx_CME1477	Tragelaphini
Tragelaphus_spekii_STG9200	Tragelaphini
Tragelaphus_eurycerus_BNG9162	Tragelaphini
Tragelaphus_eurycerus_T51	Tragelaphini
Tragelaphus_eurycerus_MTraEu	Tragelaphini
Tragelaphus_buxtoni_MNT9119	Tragelaphini
Syncerus_caffer_ABF221	Bubalina
Syncerus_caffer_AHSCZAK	Bubalina
Syncerus_caffer_CAB	Bubalina
Bubalus_kerabau_CUSA_SWP	Bubalina
Bubalus_bubalis_AAUIN	Bubalina
Bubalus_bubalis_BGI	Bubalina
Bubalus_bubalis_CKM7	Bubalina
Bubalus_bubalis_NDDB_SH_1	Bubalina
Bubalus_bubalis_UMD_CASPUR_WB_20	Bubalina
Bubalus_bubalis_UOAWB	Bubalina
Bubalus_bubalis_V0754	Bubalina
Bubalus_depressicornis_ANT3	Bubalina
Pseudoryx_nghetinhensis_AHPNTTN	Pseudoryna
Pseudoryx_nghetinhensis_SAO1	Pseudoryna
Bison_bison_bison_UMD10	Bovina
Bison_bonasus_BBO_3569	Bovina
Bison_bonasus_BBO_3574	Bovina
Bos_taurus_HF_90	Bovina
Bos_indicus_GIR	Bovina
Bos_taurus_ARSUCD12	Bovina
Bos_indicus_HARINDF	Bovina
Bos_mutus_WY2019	Bovina
Bos_mutus_YAKQH1	Bovina
Bos_grunniens_YAKHY00	Bovina
Bos_sauveli_KOU	Bovina
Bos_javanicus_AHT2182	Bovina
Bos_javanicus_birmanicus_AHT2146	Bovina
Bos_frontalis_NRC_MITH	Bovina
Bos_frontalis_Drung1	Bovina
Bos_gaurus_AHGS3586	Bovina
Bos_gaurus_ARS_UOA	Bovina
Aepyceros_melampus_IMP	Aepycerotini+N.moschatus
Neotragus_moschatus_SUN	Aepycerotini+N.moschatus
Neotragus_pygmaeus_RAL	Oreotragini+N.pygmaeus
Procapra_przewalskii_PLG	Procaprina
Raphicerus_campestris_SNB	Raphicerina
Madoqua_kirkii_KDD	Raphicerina
Ourebia_ourebi_ORB4223	Ourebina
Saiga_tatarica_BIUU	Antilopina
Litocranius_walleri_GRK	Antilopina
Antidorcas_marsupialis_SGB	Antilopina
Eudorcas_thomsonii_TMG	Antilopina
Nanger_granti_GTG	Antilopina
Nanger_dama_ORGONE_02	Antilopina
Nanger_dama_ruficollis_SCBI_Ndam_10	Antilopina
Gazella_cuvieri_G13	Antilopina
Gazella_cuvieri_G29	Antilopina
Redunca_redunca_BHR	Reduncini
Kobus_ellipsiprymnus_DFW	Reduncini
Kobus_leche_leche_Klec_v10	Reduncini
Oreotragus_oreotragus_KSP	Oreotragini+N.pygmaeus
Cephalophus_harveyi_HVD	Cephalophini
Sylvicapra_grimmia_CMD5126	Cephalophini
Philantomba_maxwellii_MXD	Cephalophini
Damaliscus_lunatus_CTB	Alcelaphini
Alcelaphus_buselaphus_HBT	Alcelaphini
Connochaetes_taurinus_BWD	Alcelaphini
Beatragus_hunteri_BeaHun_v1_BIUU	Alcelaphini
Hippotragus_equinus_ASM1643309v1	Hippotragini
Hippotragus_niger_niger_SCBI_HNig_10q	Hippotragini
Addax_nasomaculatus_ASM1959352v1	Hippotragini
Oryx_gazella_OR4864	Hippotragini
Oryx_dammah_SCBI_Odam_11	Hippotragini
Ovibos_moschatus_ASM2146233v1	Ovibovina
Ovibos_moschatus_ASM2253363v2	Ovibovina
Ovis_canadensis_canadensis_43U	Caprina
Ovis_ammon_KGZ	Caprina
Ovis_ammon_AGL	Caprina
Ovis_ammon_polii_CAU_MHL	Caprina
Ovis_aries_HU2020	Caprina
Ovis_aries_ARS_UI	Caprina
Ovis_orientalis_AMUF	Caprina
Ovis_nivicola_lydekkeri_OvNiv10	Caprina
Ammotragus_lervia_ALER	Caprina
Budorcas_taxicolor_Takin10	Ovibovina
Oreamnos_americanus_ASM975805v1	Caprina
Pseudois_nayaur_ASM318257v1	Caprina
Nilgiritragus_hylocrius_BIUU	Caprina
Hemitragus_jemlahicus_T2177	Caprina
Capra_sibirica_CNS	Caprina
Capra_aegagrus_CAPAEG	Caprina
Capra_falconeri_MB4115	Caprina
Capra_hircus_ARS1	Caprina
Capra_hircus_BBG1	Caprina
Pantholops_hodgsonii_NC007441	Pantholopina
