Syncerus_caffer_ABF221	Outgroup
Syncerus_caffer_AHSCZAK	Outgroup
Bos_mutus_YAKQH1	B_mutus_YAKQH1
Bos_mutus_WY2019	B_mutus_WY2019
Bos_grunniens_YAKHY00	B_grunniens
Bison_bison_bison_UMD10	B_bison_bison
Bison_bonasus_BBO_3569	B_bonasus
Bison_bonasus_BBO_3574	B_bonasus
Bos_sauveli_KOU	B_sauveli
Bos_javanicus_AHT2182	B_javanicus
Bos_javanicus_birmanicus_AHT2146	B_javanicus_birmanicus
Bos_frontalis_NRC_MITH	B_frontalis
Bos_frontalis_Drung1	B_frontalis
Bos_gaurus_AHGS3586	B_gaurus
Bos_gaurus_ARS_UOA	B_gaurus
Bos_indicus_GIR	B_indicus
Bos_indicus_HARINDF	B_indicus
Bos_taurus_HF_90	B_taurus
Bos_taurus_ARSUCD12	B_taurus